{
    "width": 640,
    "height": 480,
    "fx": 607.9668579101562,
    "fy": 608.0142211914062,
    "cx": 313.85797119140625,
    "cy": 250.79678344726562
}