{
    "width": 1280,
    "height": 720,
    "fx": 911.9501953125,
    "fy": 912.0213623046875,
    "cx": 630.7869262695312,
    "cy": 376.1951904296875
}