{
    "width": 640,
    "height": 480,
    "fx": 601.8974404753443,
    "fy": 601.0083765952766,
    "cx": 325.29173367652623,
    "cy": 240.1932734203542
}