{
    "width": 1280,
    "height": 720,
    "fx": 643.7418212890625,
    "fy": 642.9786376953125,
    "cx": 640.9312744140625,
    "cy": 363.90869140625
}