{
    "width": 640,
    "height": 480,
    "fx": 386.139892578125,
    "fy": 385.6820983886719,
    "cx": 320.5587463378906,
    "cy": 242.34521484375
}