{
    "width": 1280,
    "height": 720,
    "fx": 910.3709716796875,
    "fy": 909.7224731445312,
    "cx": 641.3654174804688,
    "cy": 377.8463134765625
}