{
    "width": 640,
    "height": 480,
    "fx": 606.9140014648438,
    "fy": 606.4816284179688,
    "cx": 320.9103088378906,
    "cy": 251.8975372314453
}