{
    "width": 640,
    "height": 480,
    "fx": 387.7056884765625,
    "fy": 387.32305908203125,
    "cx": 329.2681579589844,
    "cy": 247.7670440673828
}