{
    "width": 1280,
    "height": 720,
    "fx": 646.5274658203125,
    "fy": 645.8894653320312,
    "cx": 655.4468994140625,
    "cy": 372.945068359375
}